framework,regime,n_runs,compliant_runs,runtime_mean_s,runtime_sd_s,overhead_mean_s,max_overhead_s,runtime_to_budget_ratio_mean,compliance_rate_pct
AutoGluon_Light,Lightweight,5,5,9.534471035003662,7.4270606657217995,-50.46552896499634,-37.202539920806885,0.15890785058339435,100.0
ClassicML_Light,Lightweight,5,5,3.41488094329834,3.5161194740221093,-56.58511905670166,-50.30810356140137,0.05691468238830566,100.0
FLAML_Light,Lightweight,5,0,67.17215967178345,15.960700750519587,7.172159671783447,35.723528146743774,1.119535994529724,0.0
H2O_Light,Lightweight,5,0,79.26727967262268,6.625973393662014,19.26727967262268,30.9584219455719,1.3211213278770448,0.0
MLJAR_Light,Lightweight,5,1,65.71947679519653,10.849211675672814,5.719476795196533,24.907514333724976,1.0953246132532755,20.0
